channel_id,handle,name,uploads_playlist_id,priority_tier,priority_weight,language,region,active,raw_entry
UC0bd1IAfOijSGAZQYhpEypg,@adda247bengali,Adda247 Bengali,UU0bd1IAfOijSGAZQYhpEypg,1,1.0,Bengali,WB,true,https://www.youtube.com/@adda247bengali
UCXY5uMei8gj1ibOBMoAuP4w,@smartstudybengali,SMART STUDY বাংলা ,UUXY5uMei8gj1ibOBMoAuP4w,1,1.0,Bengali,WB,true,https://www.youtube.com/@SmartStudyBengali
UCSzinFg4bwJktBgvmWKNP6Q,@testbookbengali,Testbook Bengali,UUSzinFg4bwJktBgvmWKNP6Q,1,1.0,Bengali,WB,true,https://www.youtube.com/@TestbookBengali
UCvVlL5JHqM9YESie0GlZacw,@wbjobupdates,WB JOB UPDATES ,UUvVlL5JHqM9YESie0GlZacw,1,1.0,Bengali,WB,true,https://www.youtube.com/@WBJobUpdates
UCoUynlXWh6h8bmRVgfuIx3Q,@wbtechnicalstudy,WB TECHNICAL  STUDY,UUoUynlXWh6h8bmRVgfuIx3Q,1,1.0,Bengali,WB,true,https://www.youtube.com/@WBTechnicalStudy
UC6Ch-MQ0hv76BqXQQ_YaO_g,@techhelpbangla,Tech Help Bangla,UU6Ch-MQ0hv76BqXQQ_YaO_g,2,0.9,Bengali,Other,true,https://www.youtube.com/@TechHelpBangla
UCIyEEnbUbO7Uprk4CxupR9g,@techinfobangla,TechInfo Bangla,UUIyEEnbUbO7Uprk4CxupR9g,2,0.9,Bengali,Other,true,https://www.youtube.com/@TechInfoBangla
UC4ti0r5KMWWgOhUM2qRGwBA,@bankersadda,Bankers Adda,UU4ti0r5KMWWgOhUM2qRGwBA,4,0.7,English,National,true,https://www.youtube.com/@BankersAdda
UC_fKmFGyY4MPVzz4TT_N_6Q,@bankingtestbook,Banking Testbook,UU_fKmFGyY4MPVzz4TT_N_6Q,4,0.7,English,National,true,https://www.youtube.com/@BankingTestbook
UCg5_K50hLTKerLkSE7I1yWQ,@bankingwallah,Banking Wallah,UUg5_K50hLTKerLkSE7I1yWQ,4,0.7,English,National,true,https://www.youtube.com/@BankingWallah
UCQRiKoGdGfZ19ZHzm6WN56A,@railwaylife,Railway Life,UUQRiKoGdGfZ19ZHzm6WN56A,4,0.7,English,National,true,https://www.youtube.com/@RailwayLife
UC1ePkT4Kd_DrO1qK6-o0Qdg,@unacademylivesscexams,Unacademy Live - SSC Exams,UU1ePkT4Kd_DrO1qK6-o0Qdg,4,0.7,English,National,true,https://www.youtube.com/@UnacademyLiveSSCExams
UC4h5zkgRfnFLjFZtts1N6iA,@cuetadda247,Adda247 CUET,UU4h5zkgRfnFLjFZtts1N6iA,5,0.6,English,National,true,https://www.youtube.com/@cuetadda247
UC6mJHVVBE1ebpPfGVzmeuXQ,@defenceadda247,"Adda247 Defence: CAPF AC, CDS & AFCAT Preparation",UU6mJHVVBE1ebpPfGVzmeuXQ,5,0.6,English,National,true,https://www.youtube.com/@DefenceAdda247
UCFPxNZvFlCiAw3GpzwnlwVg,@agriculturegk,Agriculture & GK,UUFPxNZvFlCiAw3GpzwnlwVg,5,0.6,English,National,true,https://www.youtube.com/@AgricultureGK
UCT0LsiRkQDlv35tww5w3zPw,@anilaggarwal,Anil Aggarwal,UUT0LsiRkQDlv35tww5w3zPw,5,0.6,English,National,true,https://www.youtube.com/@AnilAggarwal
UC-8g0HshRxIlzz1pCgfDLZw,@anujjindal,Anuj Jindal,UU-8g0HshRxIlzz1pCgfDLZw,5,0.6,English,National,true,https://www.youtube.com/@anujjindal
UC8I6w6tljPXwKFiegu3oOjg,@apprenticeguru,Apprentice Guru,UU8I6w6tljPXwKFiegu3oOjg,5,0.6,English,National,true,https://www.youtube.com/@ApprenticeGuru
UCxpHxKpcAnJM8Qp8R16YDIA,@capfacmentors,CAPF AC MENTORS,UUxpHxKpcAnJM8Qp8R16YDIA,5,0.6,English,National,true,https://www.youtube.com/@CAPFACMentors
UCjO0g7qbAcZX-vtdIFCA41Q,@careerdefiner,CAREER DEFINER,UUjO0g7qbAcZX-vtdIFCA41Q,5,0.6,English,National,true,https://www.youtube.com/@CareerDefiner
UCWrhYxXBPEcv6wgdIBw5OMg,@cdsjourney,cds.journey,UUWrhYxXBPEcv6wgdIBw5OMg,5,0.6,English,National,true,https://www.youtube.com/@CDSJourney
UCS7UIBUDGBnUXyXcV1DyHOg,@centuriondefenceacademy,Centurion Defence Academy,UUS7UIBUDGBnUXyXcV1DyHOg,5,0.6,English,National,true,https://www.youtube.com/@CenturionDefenceAcademy
UCSU52MpDEpJmHDfQgvmeS8g,@civiltechacademy,CivilTech Academy,UUSU52MpDEpJmHDfQgvmeS8g,5,0.6,English,National,true,https://www.youtube.com/@CivilTechAcademy
UC8OCoGX9tmMneOzIFUTWq2Q,@defencewallahpw,Defence Wallah,UU8OCoGX9tmMneOzIFUTWq2Q,5,0.6,English,National,true,https://www.youtube.com/@DefenceWallahPW
UCzLqOSZPtUKrmSEnlH4LAvw,@drishtiiasvideos,Drishti IAS,UUzLqOSZPtUKrmSEnlH4LAvw,5,0.6,English,National,true,https://www.youtube.com/@Drishtiiasvideos
UCizCPxaSpFEsBuyDIxKIR-Q,@edutap,EduTap - Regulatory Bodies Examinations,UUizCPxaSpFEsBuyDIxKIR-Q,5,0.6,English,National,true,https://www.youtube.com/@EduTap
UCA800Ocyb5lrZyPD2uAVnQQ,@engineersacademy,param p,UUA800Ocyb5lrZyPD2uAVnQQ,5,0.6,English,National,true,https://www.youtube.com/@EngineersAcademy
UCinqnSjkXLp0YsBu4hv79Fg,@exampurofficial,Exampur Official,UUinqnSjkXLp0YsBu4hv79Fg,5,0.6,English,National,true,https://www.youtube.com/@ExampurOfficial
UCAgu5EJBK_HkeQE9KbnzqyA,@learningcapsules,LEARNING CAPSULES - HARSHAL AGRAWAL,UUAgu5EJBK_HkeQE9KbnzqyA,5,0.6,English,National,true,https://www.youtube.com/@LearningCapsules
UCSrLdrCGaVWDSUyrTgqgmOw,@madeeasyeducation,MADE EASY,UUSrLdrCGaVWDSUyrTgqgmOw,5,0.6,English,National,true,https://www.youtube.com/@MADEEASYEducation
UCkdqtg0tEcRb1wMCFr2wN2A,@marrowmed,Marrow,UUkdqtg0tEcRb1wMCFr2wN2A,5,0.6,English,National,true,https://www.youtube.com/@MarrowMed
UCNMnDsp08qQ2jFNt-_r3gLw,@masterlearner,Master Learner,UUNMnDsp08qQ2jFNt-_r3gLw,5,0.6,English,National,true,https://www.youtube.com/@MasterLearner
UCW67BMQKvGzv5gqSdteP9Eg,@mdclasses,MD Classes,UUW67BMQKvGzv5gqSdteP9Eg,5,0.6,English,National,true,https://www.youtube.com/@MDClasses
UCgKgAaGbKS-XWUJGWqP5W0A,@nextias,NEXT IAS,UUgKgAaGbKS-XWUJGWqP5W0A,5,0.6,English,National,true,https://www.youtube.com/@NEXTIAS
UCnRI8GekLC4QPbbJfcuxwlQ,@nimishabansal,NIMISHA BANSAL,UUnRI8GekLC4QPbbJfcuxwlQ,5,0.6,English,National,true,https://www.youtube.com/@NimishaBansal
UCCwAvCCbCKGlNl3D8pfV9gg,@nursingexpert,Nursing Expert,UUCwAvCCbCKGlNl3D8pfV9gg,5,0.6,English,National,true,https://www.youtube.com/@NursingExpert
UCRvrHAyNdOMI_JBkE2pjZtw,@oliveboardapp,Oliveboard,UURvrHAyNdOMI_JBkE2pjZtw,5,0.6,English,National,true,https://www.youtube.com/@OliveboardApp
UCCYGKwEhgZlF18H-LsrKRFQ,@onlinehelpindia,Online Help India,UUCYGKwEhgZlF18H-LsrKRFQ,5,0.6,English,National,true,https://www.youtube.com/@OnlineHelpIndia
UCkOUvH-Vfsdbdotlnpkp-KQ,@paramedicalclasses,GMI [Paramedical],UUkOUvH-Vfsdbdotlnpkp-KQ,5,0.6,English,National,true,https://www.youtube.com/@ParamedicalClasses
UCiGyWN6DEbnj2alu7iapuKQ,@physicswallah,Physics Wallah - Alakh Pandey,UUiGyWN6DEbnj2alu7iapuKQ,5,0.6,English,National,true,https://www.youtube.com/@PhysicsWallah
UC_r97qKpSCev03bfqvSB_Lw,@regulatorybodiesadda247,Adda247 Regulatory Bodies & SO,UU_r97qKpSCev03bfqvSB_Lw,5,0.6,English,National,true,https://www.youtube.com/@RegulatoryBodiesAdda247
UCS2rhpz4RJEmb9CV7TPzBIg,@gaganpratapmaths,Gagan Pratap Maths,UUS2rhpz4RJEmb9CV7TPzBIg,5,0.6,English,National,true,https://www.youtube.com/@GaganPratapMaths
UC5H9MzrMkJ5iuN11vV2PLhA,@rojgarwithankit,Rojgar with Ankit,UU5H9MzrMkJ5iuN11vV2PLhA,5,0.6,English,National,true,https://www.youtube.com/@RojgarwithAnkit
UCTJkhuZ2HqdJr_8p4KGBA6A,@rssir,R.S SIR,UUTJkhuZ2HqdJr_8p4KGBA6A,5,0.6,English,National,true,https://www.youtube.com/@RSSir
UC-hnHgZpTEd0sqrX68juuKA,@sciencemagnet,Science Magnet,UU-hnHgZpTEd0sqrX68juuKA,5,0.6,English,National,true,https://www.youtube.com/@ScienceMagnet
UCu8ITnmGjC5nkQaTRBaLurw,@selectionexpress,SelectionExpress,UUu8ITnmGjC5nkQaTRBaLurw,5,0.6,English,National,true,https://www.youtube.com/@SelectionExpress
UCZi_1H9YQlqLeaaG9Z77Jlw,@stenomaster,Shorthand Master,UUZi_1H9YQlqLeaaG9Z77Jlw,5,0.6,English,National,true,https://www.youtube.com/@StenoMaster
UCaUly9BR1S-cBc-rZRLfZog,@successtree,SuccessTree,UUaUly9BR1S-cBc-rZRLfZog,5,0.6,English,National,true,https://www.youtube.com/@SuccessTree
UCwzbGlHxsoMHC7RZe1zbWVQ,@targetwithankit,TWA Team Vlogs,UUwzbGlHxsoMHC7RZe1zbWVQ,5,0.6,English,National,true,https://www.youtube.com/@TargetWithAnkit
UCgqkBUQ-3Xzj1SQfKdiZSSA,@testbooksuperpass,Testbook Super Pass,UUgqkBUQ-3Xzj1SQfKdiZSSA,5,0.6,English,National,true,https://www.youtube.com/@TestbookSuperPass
UCeOoUjlLiP5qKBozcdIjnGA,@ugcnetadda247,Adda247 UGC NET ,UUeOoUjlLiP5qKBozcdIjnGA,5,0.6,English,National,true,https://www.youtube.com/@UGCNETAdda247
UCq6nqjOvdXtWDBelveGB9hw,@unacademygateese,UNACADEMY GATE ESE,UUq6nqjOvdXtWDBelveGB9hw,5,0.6,English,National,true,https://www.youtube.com/@UnacademyGATEESE
UCdQwYksctqqiRwqp3PiJMWA,@unacademyneet,Unacademy NEET,UUdQwYksctqqiRwqp3PiJMWA,5,0.6,English,National,true,https://www.youtube.com/@UnacademyNEET
UCOdYE2KPs-5dc6GL10yxIGA,@vedantujee,V M,UUOdYE2KPs-5dc6GL10yxIGA,5,0.6,English,National,true,https://www.youtube.com/@VedantuJEE
UCjkUoXVJ5JGq7dRaqjpQ4bw,@virtuous,Virtuous,UUjkUoXVJ5JGq7dRaqjpQ4bw,5,0.6,English,National,true,https://www.youtube.com/@Virtuous
UCw4wosjC-DKq95xI5klz92w,@visioniasdelhi,Vision IAS,UUw4wosjC-DKq95xI5klz92w,5,0.6,English,National,true,https://www.youtube.com/@VisionIASdelhi
UC59q608utG2i8XWXoqkTA1A,@zonetechjaipur,zone tech 24,UU59q608utG2i8XWXoqkTA1A,5,0.6,English,National,true,https://www.youtube.com/@ZoneTechJaipur
UCNL85i9PmA2N0wbvuheq44w,@ajkerborokhobor,Ajker Boro Khobor,UUNL85i9PmA2N0wbvuheq44w,5,0.6,English,National,true,https://www.youtube.com/@AjkerBoroKhobor
UCIbVH9XHC4Qj6Myu-ilAY8Q,@defencepracticeclass,Defence Practice Class,UUIbVH9XHC4Qj6Myu-ilAY8Q,5,0.6,English,National,true,https://www.youtube.com/@DefencePracticeClass
UCmkzsWB0SJ_XOVfq1C3RlKA,@digitalsobkichu,Digital সবকিছু,UUmkzsWB0SJ_XOVfq1C3RlKA,5,0.6,English,National,true,https://www.youtube.com/@DigitalSobkichu
UCkqQNOQmz9kOTRhIDWu1vCw,@knowledgeaccount,Kuntal Mahinder (Knowledge Account),UUkqQNOQmz9kOTRhIDWu1vCw,5,0.6,English,National,true,https://www.youtube.com/@KnowledgeAccount
UCt-MdQdwTkQ8O-pUJtR3AkA,@onlineserviceguide,Online Service Guide ,UUt-MdQdwTkQ8O-pUJtR3AkA,5,0.6,English,National,true,https://www.youtube.com/@OnlineServiceGuide
